option,avg_domain_term_density,avg_jaccard_similarity,structural_novelty,code_mapping_precision,normalized_error_type_entropy,num_cases
op1,0.061056865928189465,0.18326285207073154,0.8167371479292684,,0.6511654959200748,200
op2,0.08279665694669096,0.13211637621762326,0.8678836237823767,,0.8198834895156777,200
