option,avg_domain_term_density,std_domain_term_density,num_cases
op1,0.06105686592818946,0.08059922714755405,200
op2,0.08279665694669096,0.055942087629441785,200
