option,entropy_bits,normalized_entropy,num_cases
op1,1.6832383887168882,0.6511654959200748,200
op2,2.119368075358434,0.8198834895156777,200
